time (ms),signal (f64),signal (f32),signal (i16),frequency (Hz),ref spectrum f64,ref spectrum f32,ref spectrum i32,FFTW3 spectrum f32,FFTW3 spectrum i32 (scaled to q15),Ne10 spectrum f32,Ne10 spectrum i32 c,Ne10 spectrum i32 neon
0,0,0,0,46.875,1.57679,1.57679,51667,1.57679,51668,1.57679,51665,51671,
0.0208333,0.0235593,0.0235593,771,93.75,0.975912,0.97591,31978,0.975911,31978,0.975911,31967,31971,
0.0416667,0.0471024,0.0471024,1543,140.625,3.4339,3.4339,112519,3.4339,112521,3.4339,112485,112496,
0.0625,0.0706132,0.0706132,2313,187.5,0.475149,0.475147,15569,0.475146,15569,0.475146,15570,15571,
0.0833333,0.0940756,0.0940756,3082,234.375,26.2964,26.2964,861662,26.2964,861679,26.2964,861563,861596,
0.104167,0.117474,0.117474,3849,281.25,0.822942,0.822932,26965,0.822944,26966,0.822944,26959,26961,
0.125,0.140791,0.140791,4613,328.125,2.7669,2.76691,90664,2.7669,90665,2.7669,90630,90634,
0.145833,0.164012,0.164012,5374,375,0.595509,0.595509,19513,0.59551,19513,0.59551,19511,19513,
0.166667,0.187121,0.187121,6131,421.875,1.4668,1.4668,48063,1.4668,48064,1.4668,48066,48069,
0.1875,0.210101,0.210101,6884,468.75,0.491387,0.491387,16101,0.491387,16101,0.491387,16097,16098,
0.208333,0.232937,0.232937,7632,515.625,0.999702,0.999707,32758,0.999702,32758,0.999702,32748,32752,
0.229167,0.255614,0.255614,8375,562.5,0.422206,0.422206,13833,0.422206,13834,0.422205,13835,13836,
0.25,0.278115,0.278115,9113,609.375,0.758911,0.758912,24868,0.758911,24868,0.758911,24868,24869,
0.270833,0.300426,0.300426,9844,656.25,0.371251,0.371248,12167,0.371251,12165,0.371251,12162,12164,
0.291667,0.322531,0.322531,10568,703.125,0.611903,0.611902,20051,0.611903,20050,0.611903,20045,20046,
0.3125,0.344415,0.344415,11285,750,0.331721,0.331721,10870,0.331721,10869,0.331721,10870,10871,
0.333333,0.366063,0.366063,11995,796.875,0.512764,0.512764,16802,0.512764,16802,0.512764,16802,16804,
0.354167,0.38746,0.38746,12696,843.75,0.300009,0.300005,9831,0.300009,9830,0.300009,9827,9829,
0.375,0.408591,0.408591,13388,890.625,0.441361,0.441362,14463,0.441361,14462,0.441361,14458,14458,
0.395833,0.429443,0.429443,14071,937.5,0.273943,0.273941,8976,0.273943,8976,0.273943,8979,8979,
0.416667,0.45,0.45,14745,984.375,0.387471,0.387472,12698,0.387471,12696,0.387471,12698,12699,
0.4375,0.470249,0.470249,15409,1031.25,0.25211,0.25211,8260,0.25211,8261,0.25211,8257,8258,
0.458333,0.490175,0.490175,16062,1078.12,0.345348,0.345348,11316,0.345348,11316,0.345348,11312,11314,
0.479167,0.509766,0.509766,16703,1125,0.233543,0.23354,7652,0.233543,7652,0.233543,7649,7649,
0.5,0.529007,0.529007,17334,1171.88,0.311513,0.311513,10207,0.311513,10207,0.311513,10206,10207,
0.520833,0.547885,0.547885,17953,1218.75,0.217552,0.217546,7128,0.217552,7128,0.217552,7126,7127,
0.541667,0.566388,0.566388,18559,1265.62,0.283739,0.283737,9297,0.283738,9297,0.283738,9295,9295,
0.5625,0.584503,0.584503,19153,1312.5,0.203631,0.203623,6672,0.203631,6672,0.20363,6674,6674,
0.583333,0.602218,0.602218,19733,1359.38,0.260528,0.260532,8537,0.260529,8537,0.260529,8536,8537,
0.604167,0.619519,0.619519,20300,1406.25,0.191401,0.191399,6267,0.191402,6271,0.191402,6268,6270,
0.625,0.636396,0.636396,20853,1453.12,0.240842,0.240846,7891,0.240842,7891,0.240842,7889,7890,
0.645833,0.652837,0.652837,21392,1500,0.18057,0.180568,5918,0.18057,5916,0.18057,5920,5920,
0.666667,0.66883,0.66883,21916,1546.88,0.223934,0.223943,7338,0.223934,7337,0.223934,7340,7342,
0.6875,0.684365,0.684365,22425,1593.75,0.17091,0.170908,5601,0.17091,5600,0.17091,5597,5598,
0.708333,0.699431,0.699431,22918,1640.62,0.209255,0.209255,6857,0.209255,6856,0.209255,6852,6853,
0.729167,0.714018,0.714018,23396,1687.5,0.16224,0.162236,5316,0.16224,5316,0.16224,5315,5315,
0.75,0.728115,0.728115,23858,1734.38,0.196391,0.196395,6435,0.19639,6435,0.196391,6435,6435,
0.770833,0.741714,0.741714,24304,1781.25,0.154415,0.154412,5060,0.154415,5059,0.154415,5056,5057,
0.791667,0.754804,0.754804,24733,1828.12,0.185025,0.185021,6060,0.185025,6062,0.185025,6059,6059,
0.8125,0.767376,0.767376,25145,1875,0.147318,0.147315,4827,0.147318,4827,0.147318,4825,4825,
0.833333,0.779423,0.779423,25540,1921.88,0.17491,0.17491,5731,0.17491,5731,0.17491,5730,5730,
0.854167,0.790935,0.790935,25917,1968.75,0.140851,0.140848,4615,0.140851,4615,0.140851,4613,4614,
0.875,0.801906,0.801906,26276,2015.62,0.165851,0.165849,5435,0.165851,5434,0.165851,5435,5435,
0.895833,0.812327,0.812327,26618,2062.5,0.134933,0.134932,4421,0.134934,4421,0.134934,4426,4426,
0.916667,0.822191,0.822191,26941,2109.38,0.157691,0.157692,5167,0.157691,5167,0.157691,5166,5167,
0.9375,0.831492,0.831492,27246,2156.25,0.129499,0.129497,4243,0.129499,4243,0.129499,4244,4245,
0.958333,0.840222,0.840222,27532,2203.12,0.150302,0.150304,4925,0.150302,4925,0.150302,4921,4921,
0.979167,0.848377,0.848377,27799,2250,0.12449,0.124483,4080,0.12449,4079,0.12449,4080,4079,
1,0.855951,0.855951,28047,2296.88,0.14358,0.143581,4705,0.14358,4704,0.14358,4704,4705,
1.02083,0.862938,0.862938,28276,2343.75,0.11986,0.119862,3928,0.11986,3927,0.11986,3928,3929,
1.04167,0.869333,0.869333,28486,2390.62,0.137439,0.137444,4504,0.137439,4503,0.137439,4503,4504,
1.0625,0.875133,0.875133,28676,2437.5,0.115566,0.115568,3787,0.115566,3786,0.115566,3788,3788,
1.08333,0.880333,0.880333,28846,2484.38,0.131807,0.131804,4319,0.131807,4319,0.131807,4322,4322,
1.10417,0.884929,0.884929,28997,2531.25,0.111574,0.111572,3656,0.111574,3656,0.111574,3652,3654,
1.125,0.88892,0.88892,29128,2578.12,0.126623,0.126623,4149,0.126623,4149,0.126623,4147,4147,
1.14583,0.8923,0.8923,29238,2625,0.107853,0.107841,3534,0.107852,3534,0.107853,3538,3537,
1.16667,0.89507,0.89507,29329,2671.88,0.121837,0.121837,3992,0.121836,3992,0.121836,3995,3996,
1.1875,0.897226,0.897226,29400,2718.75,0.104375,0.10434,3420,0.104375,3420,0.104375,3417,3417,
1.20833,0.898767,0.898767,29450,2765.62,0.117403,0.117402,3847,0.117403,3847,0.117403,3850,3850,
1.22917,0.899692,0.899692,29481,2812.5,0.101119,0.101112,3313,0.101119,3313,0.101119,3311,3312,
1.25,0.9,0.9,29491,2859.38,0.113285,0.113286,3712,0.113285,3712,0.113286,3710,3712,
1.27083,0.899692,0.899692,29481,2906.25,0.0980642,0.0980642,3213,0.0980642,3213,0.0980643,3213,3213,
1.29167,0.898767,0.898767,29450,2953.12,0.10945,0.109453,3587,0.10945,3586,0.10945,3586,3586,
1.3125,0.897226,0.897226,29400,3000,0.0951918,0.0951967,3117,0.095192,3119,0.095192,3118,3118,
1.33333,0.89507,0.89507,29329,3046.88,0.105871,0.105881,3468,0.105871,3469,0.105871,3467,3468,
1.35417,0.8923,0.8923,29238,3093.75,0.0924864,0.0924851,3031,0.0924862,3030,0.0924861,3026,3027,
1.375,0.88892,0.88892,29128,3140.62,0.102522,0.102521,3359,0.102521,3359,0.102521,3357,3357,
1.39583,0.884929,0.884929,28997,3187.5,0.089934,0.0899338,2947,0.0899341,2946,0.0899342,2943,2943,
1.41667,0.880333,0.880333,28846,3234.38,0.0993817,0.0993956,3256,0.0993817,3256,0.0993817,3256,3257,
1.4375,0.875133,0.875133,28676,3281.25,0.0875219,0.0875192,2868,0.0875219,2867,0.087522,2866,2867,
1.45833,0.869333,0.869333,28486,3328.12,0.096432,0.0964283,3160,0.0964319,3159,0.096432,3160,3160,
1.47917,0.862938,0.862938,28276,3375,0.0852391,0.0852615,2793,0.0852391,2793,0.0852392,2795,2795,
1.5,0.855951,0.855951,28047,3421.88,0.0936559,0.0936582,3068,0.0936558,3068,0.0936558,3069,3069,
1.52083,0.848377,0.848377,27799,3468.75,0.0830754,0.0830787,2722,0.0830753,2722,0.0830754,2720,2721,
1.54167,0.840222,0.840222,27532,3515.62,0.0910385,0.0910409,2983,0.0910384,2983,0.0910385,2982,2982,
1.5625,0.831492,0.831492,27246,3562.5,0.081022,0.0810308,2655,0.0810219,2654,0.0810217,2655,2654,
1.58333,0.822191,0.822191,26941,3609.38,0.0885667,0.0885685,2902,0.0885666,2902,0.0885664,2904,2905,
1.60417,0.812327,0.812327,26618,3656.25,0.0790705,0.0790712,2591,0.0790705,2590,0.0790704,2591,2591,
1.625,0.801906,0.801906,26276,3703.12,0.0862288,0.0862249,2825,0.0862291,2825,0.0862291,2825,2825,
1.64583,0.790935,0.790935,25917,3750,0.0772137,0.07721,2530,0.0772139,2530,0.0772139,2533,2532,
1.66667,0.779423,0.779423,25540,3796.88,0.0840143,0.0840173,2753,0.0840143,2752,0.0840143,2752,2753,
1.6875,0.767376,0.767376,25145,3843.75,0.075445,0.0754449,2472,0.0754449,2472,0.0754449,2472,2473,
1.70833,0.754804,0.754804,24733,3890.62,0.0819137,0.0819168,2684,0.0819138,2684,0.0819138,2682,2681,
1.72917,0.741714,0.741714,24304,3937.5,0.0737582,0.0737608,2417,0.0737585,2416,0.0737585,2413,2412,
1.75,0.728115,0.728115,23858,3984.38,0.0799186,0.0799196,2619,0.079918,2618,0.0799183,2619,2619,
1.77083,0.714018,0.714018,23396,4031.25,0.0721479,0.0721466,2364,0.0721477,2364,0.0721478,2360,2361,
1.79167,0.699431,0.699431,22918,4078.12,0.0780212,0.0780317,2557,0.0780212,2556,0.0780212,2555,2555,
1.8125,0.684365,0.684365,22425,4125,0.0706091,0.0706295,2314,0.0706091,2313,0.0706091,2315,2315,
1.83333,0.66883,0.66883,21916,4171.88,0.0762147,0.0762131,2497,0.0762148,2497,0.0762148,2496,2497,
1.85417,0.652837,0.652837,21392,4218.75,0.0691371,0.0691448,2264,0.069137,2265,0.0691369,2260,2261,
1.875,0.636396,0.636396,20853,4265.62,0.0744927,0.0744969,2441,0.0744925,2440,0.0744925,2441,2441,
1.89583,0.619519,0.619519,20300,4312.5,0.0677277,0.0677234,2219,0.0677277,2219,0.0677281,2220,2220,
1.91667,0.602218,0.602217,19733,4359.38,0.0728495,0.0728124,2387,0.0728497,2387,0.0728498,2389,2389,
1.9375,0.584503,0.584503,19153,4406.25,0.0663771,0.0663781,2175,0.0663773,2175,0.0663773,2174,2175,
1.95833,0.566388,0.566388,18559,4453.12,0.0712799,0.0712814,2336,0.0712798,2335,0.0712798,2335,2335,
1.97917,0.547885,0.547885,17953,4500,0.0650818,0.0650846,2132,0.0650818,2132,0.0650818,2136,2136,
2,0.529007,0.529007,17334,4546.88,0.0697791,0.0697822,2287,0.069779,2286,0.069779,2289,2290,
2.02083,0.509766,0.509766,16703,4593.75,0.0638384,0.0638364,2091,0.0638383,2091,0.0638384,2089,2090,
2.04167,0.490175,0.490175,16062,4640.62,0.0683427,0.0683483,2238,0.0683428,2239,0.0683427,2237,2237,
2.0625,0.470249,0.470249,15409,4687.5,0.062644,0.0626425,2053,0.062644,2052,0.062644,2053,2052,
2.08333,0.45,0.45,14745,4734.38,0.0669668,0.0669698,2194,0.0669669,2194,0.0669669,2194,2194,
2.10417,0.429443,0.429443,14071,4781.25,0.0614957,0.0615102,2015,0.0614957,2015,0.0614957,2014,2015,
2.125,0.408591,0.408591,13388,4828.12,0.0656475,0.0656532,2151,0.0656476,2151,0.0656476,2152,2152,
2.14583,0.38746,0.38746,12696,4875,0.060391,0.0603887,1979,0.0603911,1978,0.0603911,1980,1980,
2.16667,0.366063,0.366063,11995,4921.88,0.0643817,0.0643844,2110,0.0643815,2109,0.0643815,2110,2110,
2.1875,0.344415,0.344415,11285,4968.75,0.0593275,0.0593227,1944,0.0593276,1944,0.0593276,1940,1942,
2.20833,0.322531,0.322531,10568,5015.62,0.0631661,0.0631611,2070,0.0631659,2069,0.0631659,2068,2068,
2.22917,0.300426,0.300426,9844,5062.5,0.058303,0.0583007,1910,0.058303,1910,0.0583029,1909,1908,
2.25,0.278115,0.278115,9113,5109.38,0.0619978,0.0620063,2032,0.061998,2031,0.0619981,2033,2034,
2.27083,0.255614,0.255614,8375,5156.25,0.0573154,0.0573134,1878,0.0573154,1878,0.0573154,1875,1876,
2.29167,0.232937,0.232937,7632,5203.12,0.0608743,0.0608757,1995,0.0608744,1994,0.0608743,1997,1997,
2.3125,0.210101,0.210101,6884,5250,0.0563628,0.0563611,1847,0.0563629,1846,0.0563629,1844,1844,
2.33333,0.187121,0.18712,6131,5296.88,0.0597929,0.0597919,1959,0.059793,1959,0.059793,1960,1960,
2.35417,0.164012,0.164012,5374,5343.75,0.0554434,0.0554457,1817,0.0554434,1816,0.0554434,1818,1819,
2.375,0.140791,0.140791,4613,5390.62,0.0587515,0.0587571,1926,0.0587517,1925,0.0587517,1922,1922,
2.39583,0.117474,0.117473,3849,5437.5,0.0545556,0.054554,1789,0.0545559,1787,0.0545559,1790,1789,
2.41667,0.0940756,0.0940756,3082,5484.38,0.0577479,0.057741,1892,0.0577477,1892,0.0577478,1894,1894,
2.4375,0.0706132,0.0706131,2313,5531.25,0.0536977,0.0536923,1760,0.0536976,1759,0.0536976,1755,1756,
2.45833,0.0471024,0.0471022,1543,5578.12,0.0567801,0.0567831,1860,0.05678,1860,0.0567801,1862,1862,
2.47917,0.0235593,0.0235593,771,5625,0.0528684,0.0528776,1732,0.0528684,1732,0.0528683,1734,1734,
2.5,-2.89462e-16,-7.86805e-08,0,5671.88,0.0558462,0.0558341,1830,0.0558462,1829,0.0558462,1826,1826,
2.52083,-0.0235593,-0.0235594,-771,5718.75,0.0520662,0.0520649,1706,0.0520662,1706,0.0520662,1703,1704,
2.54167,-0.0471024,-0.0471024,-1543,5765.62,0.0549447,0.054951,1800,0.0549446,1800,0.0549445,1800,1800,
2.5625,-0.0706132,-0.0706133,-2313,5812.5,0.0512899,0.051288,1678,0.05129,1680,0.0512891,1673,1673,
2.58333,-0.0940756,-0.0940758,-3082,5859.38,0.0540738,0.0540837,1772,0.0540739,1771,0.0540739,1774,1775,
2.60417,-0.117474,-0.117474,-3849,5906.25,0.0505383,0.050536,1656,0.0505383,1656,0.0505383,1657,1657,
2.625,-0.140791,-0.140791,-4613,5953.12,0.053232,0.0532313,1744,0.0532319,1744,0.0532319,1745,1745,
2.64583,-0.164012,-0.164012,-5374,6000,0.0498103,0.0498084,1632,0.0498101,1632,0.0498101,1634,1634,
2.66667,-0.187121,-0.187121,-6131,6046.88,0.052418,0.0524172,1718,0.052418,1717,0.052418,1719,1720,
2.6875,-0.210101,-0.210101,-6884,6093.75,0.0491047,0.0490991,1609,0.0491048,1609,0.0491047,1608,1609,
2.70833,-0.232937,-0.232937,-7632,6140.62,0.0516305,0.0516312,1692,0.0516304,1691,0.0516303,1692,1692,
2.72917,-0.255614,-0.255614,-8375,6187.5,0.0484207,0.0484142,1586,0.0484206,1586,0.0484204,1586,1586,
2.75,-0.278115,-0.278115,-9113,6234.38,0.0508681,0.050868,1664,0.0508678,1666,0.0508688,1663,1664,
2.77083,-0.300426,-0.300426,-9844,6281.25,0.0477573,0.0477699,1565,0.0477573,1564,0.0477572,1561,1562,
2.79167,-0.322531,-0.322531,-10568,6328.12,0.0501298,0.0501393,1642,0.0501297,1642,0.0501297,1642,1642,
2.8125,-0.344415,-0.344415,-11285,6375,0.0471135,0.0470981,1544,0.0471134,1543,0.0471134,1544,1543,
2.83333,-0.366063,-0.366063,-11995,6421.88,0.0494145,0.0494127,1619,0.0494144,1619,0.0494145,1622,1622,
2.85417,-0.38746,-0.38746,-12696,6468.75,0.0464886,0.0464884,1523,0.0464886,1523,0.0464885,1523,1524,
2.875,-0.408591,-0.408591,-13388,6515.62,0.0487211,0.0487228,1596,0.0487209,1596,0.0487208,1597,1596,
2.89583,-0.429443,-0.429443,-14071,6562.5,0.0458818,0.0459279,1504,0.0458811,1503,0.045881,1505,1505,
2.91667,-0.45,-0.45,-14745,6609.38,0.0480486,0.0480551,1575,0.0480492,1574,0.0480492,1578,1578,
2.9375,-0.470249,-0.470249,-15409,6656.25,0.0452923,0.0452721,1484,0.0452923,1484,0.0452922,1484,1484,
2.95833,-0.490175,-0.490175,-16062,6703.12,0.0473963,0.0473954,1553,0.0473964,1553,0.0473964,1554,1555,
2.97917,-0.509766,-0.509766,-16703,6750,0.0447194,0.0447175,1465,0.0447195,1465,0.0447195,1461,1461,
3,-0.529007,-0.529007,-17334,6796.88,0.0467631,0.0467455,1532,0.0467632,1532,0.0467633,1528,1529,
3.02083,-0.547885,-0.547885,-17953,6843.75,0.0441624,0.0441619,1447,0.0441622,1447,0.0441622,1443,1444,
3.04167,-0.566388,-0.566388,-18559,6890.62,0.0461484,0.0461587,1512,0.0461486,1512,0.0461487,1511,1511,
3.0625,-0.584503,-0.584503,-19153,6937.5,0.0436208,0.0435991,1429,0.0436214,1429,0.0436214,1430,1429,
3.08333,-0.602218,-0.602218,-19733,6984.38,0.0455513,0.0455945,1493,0.0455505,1492,0.0455505,1495,1496,
3.10417,-0.619519,-0.619519,-20300,7031.25,0.0430939,0.0431079,1413,0.0430936,1412,0.0430936,1413,1413,
3.125,-0.636396,-0.636396,-20853,7078.12,0.0449712,0.0449665,1473,0.0449713,1473,0.0449713,1471,1471,
3.14583,-0.652837,-0.652837,-21392,7125,0.0425812,0.0425732,1395,0.0425813,1395,0.0425813,1395,1395,
3.16667,-0.66883,-0.66883,-21916,7171.88,0.0444073,0.0444018,1455,0.0444072,1455,0.0444072,1455,1455,
3.1875,-0.684365,-0.684366,-22425,7218.75,0.0420821,0.0420789,1379,0.0420823,1378,0.0420823,1381,1382,
3.20833,-0.699431,-0.699431,-22918,7265.62,0.043859,0.0438666,1437,0.0438587,1437,0.0438586,1437,1437,
3.22917,-0.714018,-0.714018,-23396,7312.5,0.0415962,0.0415789,1363,0.0415959,1363,0.0415957,1363,1362,
3.25,-0.728115,-0.728115,-23858,7359.38,0.0433256,0.0433274,1420,0.0433253,1419,0.0433254,1423,1423,
3.27083,-0.741714,-0.741714,-24304,7406.25,0.0411228,0.0411255,1347,0.0411227,1347,0.0411227,1348,1348,
3.29167,-0.754804,-0.754803,-24733,7453.12,0.0428067,0.0428377,1403,0.0428068,1402,0.0428068,1403,1402,
3.3125,-0.767376,-0.767376,-25145,7500,0.0406616,0.0406583,1332,0.0406615,1332,0.0406615,1332,1332,
3.33333,-0.779423,-0.779423,-25540,7546.88,0.0423017,0.042301,1386,0.0423019,1386,0.0423019,1386,1386,
3.35417,-0.790935,-0.790935,-25917,7593.75,0.0402122,0.0402109,1318,0.0402123,1317,0.0402122,1317,1318,
3.375,-0.801906,-0.801906,-26276,7640.62,0.04181,0.0418178,1370,0.0418101,1370,0.0418101,1371,1371,
3.39583,-0.812327,-0.812327,-26618,7687.5,0.039774,0.0397591,1303,0.039774,1303,0.039774,1302,1301,
3.41667,-0.822191,-0.822191,-26941,7734.38,0.0413311,0.0413358,1354,0.0413312,1354,0.0413311,1354,1354,
3.4375,-0.831492,-0.831492,-27246,7781.25,0.0393468,0.0393452,1289,0.0393469,1289,0.0393469,1290,1290,
3.45833,-0.840222,-0.840222,-27532,7828.12,0.0408646,0.0408627,1341,0.0408643,1339,0.0408643,1340,1340,
3.47917,-0.848377,-0.848377,-27799,7875,0.0389301,0.0389284,1276,0.0389297,1275,0.0389297,1277,1276,
3.5,-0.855951,-0.855951,-28047,7921.88,0.04041,0.0404141,1324,0.0404103,1324,0.0404103,1324,1324,
3.52083,-0.862938,-0.862938,-28276,7968.75,0.0385236,0.0385185,1262,0.0385231,1262,0.0385231,1260,1260,
3.54167,-0.869333,-0.869333,-28486,8015.62,0.0399669,0.0399672,1310,0.0399691,1309,0.0399691,1308,1308,
3.5625,-0.875133,-0.875133,-28676,8062.5,0.0381269,0.0381352,1249,0.0381304,1249,0.0381303,1254,1254,
3.58333,-0.880333,-0.880333,-28846,8109.38,0.0395349,0.0395406,1295,0.0395323,1295,0.0395324,1295,1295,
3.60417,-0.884929,-0.884929,-28997,8156.25,0.0377396,0.0377409,1236,0.0377391,1236,0.037739,1234,1235,
3.625,-0.88892,-0.888919,-29128,8203.12,0.0391135,0.0391253,1282,0.0391131,1281,0.0391131,1281,1281,
3.64583,-0.8923,-0.8923,-29238,8250,0.0373616,0.0373803,1225,0.0373614,1224,0.0373614,1224,1223,
3.66667,-0.89507,-0.89507,-29329,8296.88,0.0387026,0.0387081,1268,0.0387018,1268,0.0387018,1267,1268,
3.6875,-0.897226,-0.897226,-29400,8343.75,0.0369925,0.0369997,1212,0.0369922,1212,0.0369922,1212,1212,
3.70833,-0.898767,-0.898767,-29450,8390.62,0.0383015,0.0383289,1255,0.0383003,1255,0.0383002,1255,1255,
3.72917,-0.899692,-0.899692,-29481,8437.5,0.0366319,0.0366274,1200,0.0366296,1200,0.0366295,1201,1200,
3.75,-0.9,-0.9,-29491,8484.38,0.0379102,0.0379323,1242,0.0379119,1242,0.0379118,1243,1243,
3.77083,-0.899692,-0.899692,-29481,8531.25,0.0362797,0.0362396,1189,0.0362803,1188,0.0362803,1186,1187,
3.79167,-0.898767,-0.898767,-29450,8578.12,0.0375281,0.0375264,1230,0.0375279,1229,0.0375278,1233,1232,
3.8125,-0.897226,-0.897226,-29400,8625,0.0359355,0.0359335,1177,0.0359353,1177,0.0359353,1180,1180,
3.83333,-0.89507,-0.89507,-29329,8671.88,0.0371551,0.0371793,1217,0.0371552,1217,0.0371552,1218,1218,
3.85417,-0.8923,-0.8923,-29238,8718.75,0.0355991,0.0356038,1167,0.0355989,1166,0.0355989,1166,1167,
3.875,-0.88892,-0.888919,-29128,8765.62,0.0367907,0.036797,1205,0.036791,1205,0.036791,1203,1203,
3.89583,-0.884929,-0.884929,-28997,8812.5,0.0352702,0.0352646,1156,0.0352703,1155,0.0352703,1157,1156,
3.91667,-0.880333,-0.880333,-28846,8859.38,0.0364348,0.0364298,1194,0.0364351,1193,0.0364352,1196,1197,
3.9375,-0.875133,-0.875133,-28676,8906.25,0.0349487,0.0349395,1145,0.0349488,1145,0.0349486,1146,1147,
3.95833,-0.869333,-0.869333,-28486,8953.12,0.0360871,0.0360848,1182,0.036087,1182,0.036087,1184,1183,
3.97917,-0.862938,-0.862938,-28276,9000,0.0346343,0.0346409,1136,0.0346343,1134,0.0346343,1138,1137,
4,-0.855951,-0.855951,-28047,9046.88,0.0357473,0.0357475,1171,0.035747,1171,0.035747,1172,1172,
4.02083,-0.848377,-0.848377,-27799,9093.75,0.0343267,0.0343274,1125,0.0343267,1124,0.0343267,1125,1125,
4.04167,-0.840222,-0.840222,-27532,9140.62,0.0354151,0.0354283,1160,0.035415,1160,0.0354152,1160,1160,
4.0625,-0.831492,-0.831492,-27246,9187.5,0.0340259,0.0340248,1115,0.0340257,1114,0.0340257,1116,1115,
4.08333,-0.822191,-0.822191,-26941,9234.38,0.0350904,0.0350843,1150,0.0350908,1149,0.0350907,1151,1152,
4.10417,-0.812327,-0.812327,-26618,9281.25,0.0337315,0.0337291,1105,0.0337315,1105,0.0337315,1102,1103,
4.125,-0.801906,-0.801906,-26276,9328.12,0.0347728,0.0347753,1139,0.0347729,1139,0.0347729,1136,1136,
4.14583,-0.790935,-0.790935,-25917,9375,0.0334435,0.033433,1096,0.0334435,1095,0.0334435,1099,1098,
4.16667,-0.779423,-0.779423,-25540,9421.88,0.0344623,0.034461,1131,0.0344623,1129,0.0344623,1130,1130,
4.1875,-0.767376,-0.767376,-25145,9468.75,0.0331615,0.0331597,1087,0.0331615,1086,0.0331616,1087,1088,
4.20833,-0.754804,-0.754803,-24733,9515.62,0.0341585,0.0341544,1119,0.0341589,1119,0.0341589,1120,1120,
4.22917,-0.741714,-0.741714,-24304,9562.5,0.0328855,0.0328817,1078,0.0328859,1077,0.0328863,1075,1075,
4.25,-0.728115,-0.728115,-23858,9609.38,0.0338613,0.0338493,1109,0.033861,1109,0.033861,1110,1111,
4.27083,-0.714018,-0.714018,-23396,9656.25,0.0326153,0.032606,1069,0.032615,1068,0.032615,1070,1070,
4.29167,-0.699431,-0.699431,-22918,9703.12,0.0335705,0.0335786,1100,0.0335706,1100,0.0335706,1097,1097,
4.3125,-0.684365,-0.684365,-22425,9750,0.0323507,0.0323276,1060,0.0323508,1060,0.0323509,1059,1059,
4.33333,-0.66883,-0.66883,-21916,9796.88,0.0332858,0.0332886,1090,0.0332859,1090,0.0332859,1088,1089,
4.35417,-0.652837,-0.652837,-21392,9843.75,0.0320915,0.0320761,1050,0.0320915,1051,0.0320915,1051,1051,
4.375,-0.636396,-0.636396,-20853,9890.62,0.0330072,0.0330118,1082,0.033007,1081,0.033007,1085,1085,
4.39583,-0.619519,-0.619519,-20300,9937.5,0.0318377,0.0318298,1043,0.0318374,1043,0.0318374,1042,1042,
4.41667,-0.602218,-0.602217,-19733,9984.38,0.0327345,0.0327416,1073,0.0327345,1072,0.0327341,1074,1075,
4.4375,-0.584503,-0.584503,-19153,10031.2,0.031589,0.0315952,1035,0.031589,1035,0.031589,1036,1036,
4.45833,-0.566388,-0.566388,-18559,10078.1,0.0324674,0.0324712,1064,0.0324673,1063,0.0324673,1058,1058,
4.47917,-0.547885,-0.547885,-17953,10125,0.0313454,0.0313751,1027,0.0313453,1027,0.0313453,1024,1024,
4.5,-0.529007,-0.529006,-17334,10171.9,0.0322058,0.0322176,1055,0.0322058,1055,0.0322058,1055,1054,
4.52083,-0.509766,-0.509765,-16703,10218.8,0.0311066,0.0311118,1018,0.0311067,1019,0.0311067,1016,1017,
4.54167,-0.490175,-0.490175,-16062,10265.6,0.0319497,0.0319496,1047,0.0319497,1046,0.0319497,1048,1049,
4.5625,-0.470249,-0.470249,-15409,10312.5,0.0308726,0.030877,1011,0.0308725,1011,0.0308723,1013,1012,
4.58333,-0.45,-0.45,-14745,10359.4,0.0316987,0.0316994,1039,0.0316987,1038,0.0316986,1039,1039,
4.60417,-0.429443,-0.429443,-14071,10406.2,0.0306432,0.0306553,1004,0.0306433,1004,0.0306433,1005,1005,
4.625,-0.408591,-0.408591,-13388,10453.1,0.0314528,0.031464,1031,0.0314527,1030,0.0314527,1029,1029,
4.64583,-0.38746,-0.38746,-12696,10500,0.0304184,0.0304169,996,0.0304184,996,0.0304184,996,996,
4.66667,-0.366063,-0.366063,-11995,10546.9,0.0312119,0.0312258,1023,0.0312119,1022,0.0312119,1026,1027,
4.6875,-0.344415,-0.344415,-11285,10593.8,0.030198,0.0301997,988,0.0301978,989,0.0301978,991,991,
4.70833,-0.322531,-0.322531,-10568,10640.6,0.0309758,0.0309772,1014,0.0309756,1015,0.0309756,1011,1011,
4.72917,-0.300426,-0.300426,-9844,10687.5,0.0299818,0.0300244,983,0.0299818,982,0.0299819,986,985,
4.75,-0.278115,-0.278115,-9113,10734.4,0.0307444,0.0307609,1007,0.0307449,1007,0.0307448,1011,1011,
4.77083,-0.255614,-0.255613,-8375,10781.2,0.0297699,0.0297618,976,0.0297699,975,0.0297699,977,978,
4.79167,-0.232937,-0.232937,-7632,10828.1,0.0305176,0.0305422,1000,0.0305176,999,0.0305176,1003,1002,
4.8125,-0.210101,-0.210101,-6884,10875,0.029562,0.0295575,969,0.029562,968,0.029562,967,967,
4.83333,-0.187121,-0.187121,-6131,10921.9,0.0302952,0.0302833,993,0.0302953,992,0.0302953,992,992,
4.85417,-0.164012,-0.164012,-5374,10968.8,0.0293581,0.0293579,962,0.029358,962,0.029358,961,961,
4.875,-0.140791,-0.140791,-4613,11015.6,0.0300772,0.0301432,984,0.0300773,985,0.0300772,985,985,
4.89583,-0.117474,-0.117474,-3849,11062.5,0.0291581,0.0291627,956,0.0291582,955,0.0291581,955,955,
4.91667,-0.0940756,-0.0940754,-3082,11109.4,0.0298634,0.0298771,979,0.0298631,978,0.0298632,976,976,
4.9375,-0.0706132,-0.0706131,-2313,11156.2,0.0289619,0.0289521,949,0.0289619,949,0.0289618,945,946,
4.95833,-0.0471024,-0.0471024,-1543,11203.1,0.0296537,0.0296074,972,0.0296538,971,0.0296538,969,969,
4.97917,-0.0235593,-0.023559,-771,11250,0.0287694,0.0287854,943,0.0287693,942,0.0287693,940,939,
5,5.78924e-16,1.57361e-07,0,11296.9,0.0294481,0.0294678,965,0.029448,964,0.0294479,967,967,
5.02083,0.0235593,0.0235593,771,11343.8,0.0285804,0.0286037,936,0.0285805,936,0.0285805,936,936,
5.04167,0.0471024,0.0471027,1543,11390.6,0.0292464,0.0294098,959,0.0292465,958,0.0292465,959,958,
5.0625,0.0706132,0.0706134,2313,11437.5,0.0283951,0.0283871,932,0.0283952,930,0.0283952,931,931,
5.08333,0.0940756,0.0940757,3082,11484.4,0.0290485,0.0290401,952,0.0290486,951,0.0290487,951,952,
5.10417,0.117474,0.117474,3849,11531.2,0.0282131,0.028212,925,0.0282131,924,0.0282131,922,923,
5.125,0.140791,0.140791,4613,11578.1,0.0288543,0.0288474,945,0.0288542,945,0.0288543,947,947,
5.14583,0.164012,0.164012,5374,11625,0.0280346,0.0280321,919,0.0280344,918,0.0280345,917,916,
5.16667,0.187121,0.187121,6131,11671.9,0.0286638,0.0286867,939,0.0286639,939,0.0286638,941,941,
5.1875,0.210101,0.210101,6884,11718.8,0.0278593,0.027743,913,0.0278592,912,0.0278593,913,913,
5.20833,0.232937,0.232937,7632,11765.6,0.0284769,0.0284828,933,0.0284768,933,0.0284768,934,933,
5.22917,0.255614,0.255614,8375,11812.5,0.0276872,0.0276583,909,0.0276865,907,0.0276871,907,907,
5.25,0.278115,0.278116,9113,11859.4,0.0282934,0.0283012,927,0.0282932,927,0.0282932,927,928,
5.27083,0.300426,0.300426,9844,11906.2,0.0275183,0.0275171,902,0.0275183,901,0.0275183,899,900,
5.29167,0.322531,0.322531,10568,11953.1,0.0281134,0.0281122,921,0.0281132,921,0.0281132,919,919,
5.3125,0.344415,0.344415,11285,12000,0.0273524,0.0273461,896,0.0273524,896,0.0273524,897,897,
5.33333,0.366063,0.366063,11995,12046.9,0.0279366,0.0279348,915,0.0279366,915,0.0279366,916,917,
5.35417,0.38746,0.38746,12696,12093.8,0.0271896,0.0271844,891,0.0271896,890,0.0271896,891,891,
5.375,0.408591,0.408592,13388,12140.6,0.0277632,0.0276114,909,0.027763,909,0.0277629,907,907,
5.39583,0.429443,0.429443,14071,12187.5,0.0270297,0.0270369,886,0.0270296,885,0.0270296,882,882,
5.41667,0.45,0.45,14745,12234.4,0.0275928,0.0275814,905,0.027594,904,0.0275933,907,907,
5.4375,0.470249,0.470249,15409,12281.2,0.0268726,0.0268724,880,0.0268728,880,0.0268727,880,880,
5.45833,0.490175,0.490175,16062,12328.1,0.0274256,0.0274207,899,0.0274258,898,0.0274257,898,898,
5.47917,0.509766,0.509766,16703,12375,0.0267184,0.0267205,875,0.0267185,875,0.0267184,878,878,
5.5,0.529007,0.529007,17334,12421.9,0.0272615,0.0272766,893,0.0272615,893,0.0272615,897,898,
5.52083,0.547885,0.547885,17953,12468.8,0.026567,0.0265238,870,0.026567,870,0.026567,869,869,
5.54167,0.566388,0.566388,18559,12515.6,0.0271003,0.0270336,888,0.0271006,888,0.0271006,886,886,
5.5625,0.584503,0.584503,19153,12562.5,0.0264182,0.0264521,866,0.0264182,865,0.0264183,870,869,
5.58333,0.602218,0.602218,19733,12609.4,0.026942,0.0268871,883,0.0269419,882,0.026942,881,881,
5.60417,0.619519,0.619519,20300,12656.2,0.0262721,0.0262156,861,0.026272,860,0.0262719,861,861,
5.625,0.636396,0.636396,20853,12703.1,0.0267865,0.0267712,878,0.0267865,877,0.0267865,875,875,
5.64583,0.652837,0.652837,21392,12750,0.0261285,0.0261112,856,0.0261285,856,0.0261285,855,854,
5.66667,0.66883,0.66883,21916,12796.9,0.0266338,0.0266431,873,0.0266339,872,0.026634,872,873,
5.6875,0.684365,0.684365,22425,12843.8,0.0259875,0.0259723,851,0.0259874,851,0.0259874,852,852,
5.70833,0.699431,0.699432,22918,12890.6,0.0264839,0.0264887,868,0.0264839,867,0.026484,869,868,
5.72917,0.714018,0.714018,23396,12937.5,0.025849,0.0258894,847,0.0258491,847,0.025849,847,847,
5.75,0.728115,0.728115,23858,12984.4,0.0263366,0.026331,863,0.0263364,862,0.0263363,866,866,
5.77083,0.741714,0.741714,24304,13031.2,0.0257129,0.0257175,843,0.0257129,842,0.0257129,844,844,
5.79167,0.754804,0.754804,24733,13078.1,0.0261919,0.0261952,858,0.0261918,858,0.0261918,857,857,
5.8125,0.767376,0.767376,25145,13125,0.0255792,0.0255755,838,0.0255791,838,0.0255791,839,838,
5.83333,0.779423,0.779423,25540,13171.9,0.0260498,0.0260807,853,0.0260499,853,0.0260499,855,855,
5.85417,0.790935,0.790936,25917,13218.8,0.0254478,0.0255289,834,0.0254478,833,0.0254477,835,835,
5.875,0.801906,0.801906,26276,13265.6,0.0259102,0.0259083,849,0.0259104,849,0.0259104,849,849,
5.89583,0.812327,0.812327,26618,13312.5,0.0253187,0.0252915,829,0.0253191,829,0.0253191,832,832,
5.91667,0.822191,0.822191,26941,13359.4,0.025773,0.0257512,844,0.0257729,844,0.0257729,843,843,
5.9375,0.831492,0.831492,27246,13406.2,0.0251919,0.0251917,824,0.0251917,825,0.0251917,827,827,
5.95833,0.840222,0.840222,27532,13453.1,0.0256382,0.0256401,840,0.0256381,840,0.0256381,841,840,
5.97917,0.848377,0.848377,27799,13500,0.0250673,0.0250573,822,0.0250672,821,0.0250672,824,824,
6,0.855951,0.855951,28047,13546.9,0.0255058,0.0254885,836,0.0255058,835,0.0255058,835,836,
6.02083,0.862938,0.862938,28276,13593.8,0.0249448,0.0248667,817,0.0249451,817,0.0249451,814,815,
6.04167,0.869333,0.869333,28486,13640.6,0.0253757,0.0253818,831,0.0253757,831,0.0253757,831,831,
6.0625,0.875133,0.875133,28676,13687.5,0.0248244,0.0248122,813,0.0248241,813,0.0248241,815,815,
6.08333,0.880333,0.880333,28846,13734.4,0.0252479,0.0252386,827,0.0252475,827,0.0252477,829,830,
6.10417,0.884929,0.884929,28997,13781.2,0.0247062,0.0247072,809,0.0247062,809,0.0247062,811,811,
6.125,0.88892,0.88892,29128,13828.1,0.0251223,0.0250872,823,0.0251222,823,0.0251222,823,823,
6.14583,0.8923,0.8923,29238,13875,0.02459,0.0245872,806,0.0245899,805,0.0245899,802,801,
6.16667,0.89507,0.89507,29329,13921.9,0.0249989,0.0249072,819,0.0249989,819,0.0249989,819,820,
6.1875,0.897226,0.897226,29400,13968.8,0.0244757,0.0244754,802,0.0244756,802,0.0244756,801,802,
6.20833,0.898767,0.898767,29450,14015.6,0.0248776,0.0248808,815,0.0248777,815,0.0248777,814,814,
6.22917,0.899692,0.899692,29481,14062.5,0.0243635,0.0243478,798,0.0243638,798,0.0243638,802,801,
6.25,0.9,0.9,29491,14109.4,0.0247584,0.0247503,811,0.0247584,811,0.0247583,815,816,
6.27083,0.899692,0.899692,29481,14156.2,0.0242532,0.0242283,794,0.0242533,794,0.0242533,792,792,
6.29167,0.898767,0.898767,29450,14203.1,0.0246413,0.0246424,807,0.0246412,807,0.0246412,808,808,
6.3125,0.897226,0.897226,29400,14250,0.0241448,0.024124,792,0.0241449,791,0.0241449,794,794,
6.33333,0.89507,0.89507,29329,14296.9,0.0245262,0.0245201,804,0.0245261,803,0.0245261,805,805,
6.35417,0.8923,0.8923,29238,14343.8,0.0240382,0.0240434,788,0.0240383,787,0.0240383,790,791,
6.375,0.88892,0.888919,29128,14390.6,0.0244131,0.0244286,800,0.0244132,799,0.0244132,800,800,
6.39583,0.884929,0.884929,28997,14437.5,0.0239335,0.0239489,784,0.0239336,784,0.0239337,787,786,
6.41667,0.880333,0.880333,28846,14484.4,0.0243019,0.0243159,796,0.0243019,796,0.0243018,796,796,
6.4375,0.875133,0.875133,28676,14531.2,0.0238306,0.0238272,781,0.0238307,780,0.0238306,778,779,
6.45833,0.869333,0.869333,28486,14578.1,0.0241926,0.0241823,793,0.0241929,792,0.0241929,792,791,
6.47917,0.862938,0.862938,28276,14625,0.0237294,0.0237468,777,0.0237295,777,0.0237296,777,776,
6.5,0.855951,0.855951,28047,14671.9,0.0240853,0.0240758,789,0.0240853,789,0.0240853,790,790,
6.52083,0.848377,0.848377,27799,14718.8,0.02363,0.0236406,774,0.0236299,774,0.0236299,772,773,
6.54167,0.840222,0.840222,27532,14765.6,0.0239797,0.0239793,786,0.0239795,785,0.0239795,783,783,
6.5625,0.831492,0.831491,27246,14812.5,0.0235323,0.0235619,771,0.0235327,771,0.0235332,769,769,
6.58333,0.822191,0.822191,26941,14859.4,0.023876,0.0238394,782,0.0238749,782,0.0238748,782,783,
6.60417,0.812327,0.812327,26618,14906.2,0.0234363,0.0234342,768,0.0234366,767,0.0234367,768,768,
6.625,0.801906,0.801906,26276,14953.1,0.0237741,0.0237835,779,0.0237742,779,0.0237742,778,778,
6.64583,0.790935,0.790935,25917,15000,0.023342,0.0233421,763,0.0233419,764,0.0233419,762,762,
6.66667,0.779423,0.779423,25540,15046.9,0.0236739,0.0236874,776,0.0236738,775,0.0236738,774,774,
6.6875,0.767376,0.767376,25145,15093.8,0.0232493,0.0232357,763,0.0232496,761,0.0232496,759,760,
6.70833,0.754804,0.754804,24733,15140.6,0.0235755,0.023632,773,0.0235754,772,0.0235752,773,773,
6.72917,0.741714,0.741713,24304,15187.5,0.0231581,0.0231704,759,0.0231581,758,0.0231581,758,757,
6.75,0.728115,0.728115,23858,15234.4,0.0234787,0.0235001,769,0.0234795,769,0.0234789,767,767,
6.77083,0.714018,0.714018,23396,15281.2,0.0230686,0.0230762,756,0.0230692,755,0.0230691,759,759,
6.79167,0.699431,0.699431,22918,15328.1,0.0233837,0.0233701,766,0.0233842,766,0.0233841,766,766,
6.8125,0.684365,0.684365,22425,15375,0.0229806,0.022955,753,0.0229803,753,0.0229803,752,752,
6.83333,0.66883,0.66883,21916,15421.9,0.0232902,0.0233912,763,0.0232902,763,0.0232901,764,764,
6.85417,0.652837,0.652837,21392,15468.8,0.0228941,0.0228911,750,0.0228941,750,0.0228941,754,754,
6.875,0.636396,0.636396,20853,15515.6,0.0231984,0.0232082,760,0.0231989,760,0.0231989,760,760,
6.89583,0.619519,0.619519,20300,15562.5,0.0228092,0.0228132,747,0.0228094,747,0.0228094,748,747,
6.91667,0.602218,0.602217,19733,15609.4,0.0231081,0.0231078,757,0.0231085,757,0.0231084,758,758,
6.9375,0.584503,0.584503,19153,15656.2,0.0227257,0.0227066,745,0.0227259,744,0.0227258,745,746,
6.95833,0.566388,0.566388,18559,15703.1,0.0230195,0.0230297,754,0.0230193,754,0.0230193,756,755,
6.97917,0.547885,0.547885,17953,15750,0.0226437,0.0226206,742,0.0226438,741,0.0226438,740,740,
7,0.529007,0.529007,17334,15796.9,0.0229323,0.0229172,751,0.022932,751,0.022932,756,757,
7.02083,0.509766,0.509766,16703,15843.8,0.0225631,0.022567,740,0.0225631,739,0.0225631,740,741,
7.04167,0.490175,0.490175,16062,15890.6,0.0228467,0.0228692,749,0.0228468,748,0.0228469,748,748,
7.0625,0.470249,0.470249,15409,15937.5,0.0224839,0.0224667,737,0.0224838,736,0.0224838,735,735,
7.08333,0.45,0.45,14745,15984.4,0.0227626,0.0227565,746,0.0227626,745,0.0227626,748,749,
7.10417,0.429443,0.429443,14071,16031.2,0.0224061,0.0223296,734,0.0224062,734,0.0224062,733,733,
7.125,0.408591,0.408592,13388,16078.1,0.0226799,0.0226939,743,0.0226799,743,0.0226799,743,743,
7.14583,0.38746,0.38746,12696,16125,0.0223297,0.0223309,732,0.0223303,731,0.0223303,731,730,
7.16667,0.366063,0.366063,11995,16171.9,0.0225987,0.022615,741,0.0225984,740,0.0225984,739,739,
7.1875,0.344415,0.344415,11285,16218.8,0.0222547,0.0222271,729,0.0222548,729,0.0222548,729,728,
7.20833,0.322531,0.322531,10568,16265.6,0.0225189,0.0225192,738,0.0225167,737,0.0225167,736,736,
7.22917,0.300426,0.300426,9844,16312.5,0.022181,0.0221785,727,0.0221795,726,0.0221799,730,729,
7.25,0.278115,0.278115,9113,16359.4,0.0224405,0.0224387,735,0.0224402,735,0.0224403,738,738,
7.27083,0.255614,0.255614,8375,16406.2,0.0221086,0.0221153,724,0.0221094,724,0.0221094,724,724,
7.29167,0.232937,0.232937,7632,16453.1,0.0223635,0.0223715,733,0.0223637,732,0.0223637,732,732,
7.3125,0.210101,0.210101,6884,16500,0.0220375,0.0220551,722,0.0220371,722,0.0220371,720,720,
7.33333,0.187121,0.18712,6131,16546.9,0.0222878,0.0222748,730,0.0222883,730,0.0222883,728,728,
7.35417,0.164012,0.164011,5374,16593.8,0.0219677,0.0219658,719,0.0219677,719,0.0219678,723,723,
7.375,0.140791,0.140791,4613,16640.6,0.0222135,0.0222255,728,0.0222139,727,0.0222139,726,726,
7.39583,0.117474,0.117473,3849,16687.5,0.0218991,0.021875,718,0.0219006,717,0.0219006,716,716,
7.41667,0.0940756,0.0940751,3082,16734.4,0.0221406,0.0222162,725,0.0221418,725,0.0221416,727,728,
7.4375,0.0706132,0.0706132,2313,16781.2,0.0218318,0.0218175,715,0.0218325,715,0.0218326,714,715,
7.45833,0.0471024,0.0471021,1543,16828.1,0.0220689,0.0220511,723,0.0220693,723,0.0220693,724,724,
7.47917,0.0235593,0.0235587,771,16875,0.0217657,0.0217756,713,0.0217659,713,0.0217659,707,706,
7.5,3.30655e-16,-2.14648e-08,0,16921.9,0.0219985,0.0220042,721,0.0219981,720,0.0219981,721,721,
7.52083,-0.0235593,-0.0235596,-771,16968.8,0.0217009,0.0217174,711,0.0217011,711,0.0217011,707,707,
7.54167,-0.0471024,-0.047103,-1543,17015.6,0.0219294,0.0219236,718,0.021929,718,0.021929,717,717,
7.5625,-0.0706132,-0.0706132,-2313,17062.5,0.0216372,0.0216345,709,0.0216372,709,0.0216373,709,709,
7.58333,-0.0940756,-0.094076,-3082,17109.4,0.0218615,0.0218474,716,0.0218616,716,0.0218615,715,716,
7.60417,-0.117474,-0.117474,-3849,17156.2,0.0215747,0.0215609,707,0.0215746,706,0.0215746,705,706,
7.625,-0.140791,-0.140791,-4613,17203.1,0.0217949,0.0217668,714,0.0217951,714,0.0217951,716,715,
7.64583,-0.164012,-0.164012,-5374,17250,0.0215134,0.0215117,705,0.0215132,704,0.0215132,705,705,
7.66667,-0.187121,-0.187121,-6131,17296.9,0.0217295,0.0217325,712,0.0217297,712,0.0217297,710,711,
7.6875,-0.210101,-0.210101,-6884,17343.8,0.0214532,0.0213197,703,0.0214535,702,0.0214534,701,701,
7.70833,-0.232937,-0.232938,-7632,17390.6,0.0216653,0.021685,710,0.0216654,709,0.0216654,710,710,
7.72917,-0.255614,-0.255614,-8375,17437.5,0.0213942,0.0214805,703,0.0213945,701,0.0213943,706,705,
7.75,-0.278115,-0.278115,-9113,17484.4,0.0216023,0.0216127,708,0.0216021,707,0.0216022,707,707,
7.77083,-0.300426,-0.300427,-9844,17531.2,0.0213363,0.0213339,699,0.0213363,699,0.0213363,700,700,
7.79167,-0.322531,-0.322531,-10568,17578.1,0.0215405,0.0215548,706,0.0215403,705,0.0215403,706,706,
7.8125,-0.344415,-0.344415,-11285,17625,0.0212795,0.0212648,697,0.0212796,697,0.0212796,696,696,
7.83333,-0.366063,-0.366063,-11995,17671.9,0.0214798,0.0214935,704,0.0214798,703,0.0214798,702,702,
7.85417,-0.38746,-0.38746,-12696,17718.8,0.0212238,0.021218,696,0.021224,695,0.021224,697,698,
7.875,-0.408591,-0.408592,-13388,17765.6,0.0214203,0.0214037,702,0.0214204,701,0.0214204,704,704,
7.89583,-0.429443,-0.429443,-14071,17812.5,0.0211692,0.0211539,693,0.0211693,693,0.0211691,692,692,
7.91667,-0.45,-0.45,-14745,17859.4,0.0213619,0.0213403,700,0.0213623,700,0.0213624,696,697,
7.9375,-0.470249,-0.470249,-15409,17906.2,0.0211157,0.0211218,692,0.0211154,691,0.0211155,695,695,
7.95833,-0.490175,-0.490176,-16062,17953.1,0.0213046,0.0213009,698,0.0213045,698,0.0213045,698,698,
7.97917,-0.509766,-0.509766,-16703,18000,0.0210632,0.0210316,690,0.0210632,690,0.0210632,690,689,
8,-0.529007,-0.529007,-17334,18046.9,0.0212484,0.0212394,696,0.0212483,696,0.0212483,693,694,
8.02083,-0.547885,-0.547886,-17953,18093.8,0.0210118,0.0210202,689,0.021012,688,0.0210119,692,692,
8.04167,-0.566388,-0.566388,-18559,18140.6,0.0211933,0.0211994,694,0.0211937,694,0.0211936,698,697,
8.0625,-0.584503,-0.584503,-19153,18187.5,0.0209614,0.0208275,687,0.020961,686,0.0209611,691,690,
8.08333,-0.602218,-0.602218,-19733,18234.4,0.0211393,0.0211567,693,0.0211389,692,0.0211393,693,694,
8.10417,-0.619519,-0.619519,-20300,18281.2,0.0209121,0.0209246,685,0.0209119,685,0.0209119,688,688,
8.125,-0.636396,-0.636396,-20853,18328.1,0.0210864,0.0211003,691,0.0210864,690,0.0210863,692,692,
8.14583,-0.652837,-0.652837,-21392,18375,0.0208637,0.0208772,684,0.0208636,683,0.0208636,685,685,
8.16667,-0.66883,-0.66883,-21916,18421.9,0.0210345,0.0210127,689,0.0210343,689,0.0210342,691,691,
8.1875,-0.684365,-0.684366,-22425,18468.8,0.0208164,0.0208109,682,0.0208164,682,0.0208163,683,684,
8.20833,-0.699431,-0.699432,-22918,18515.6,0.0209837,0.020989,687,0.0209836,687,0.0209837,690,690,
8.22917,-0.714018,-0.714018,-23396,18562.5,0.02077,0.0207678,680,0.02077,680,0.02077,677,676,
8.25,-0.728115,-0.728115,-23858,18609.4,0.0209338,0.020944,684,0.020934,685,0.020934,685,686,
8.27083,-0.741714,-0.741714,-24304,18656.2,0.0207247,0.0207326,679,0.0207245,679,0.0207246,679,680,
8.29167,-0.754804,-0.754804,-24733,18703.1,0.020885,0.020874,685,0.0208851,684,0.0208852,683,683,
8.3125,-0.767376,-0.767376,-25145,18750,0.0206803,0.0207157,678,0.0206803,677,0.0206803,678,677,
8.33333,-0.779423,-0.779423,-25540,18796.9,0.0208373,0.0208504,683,0.0208374,682,0.0208374,682,683,
8.35417,-0.790935,-0.790935,-25917,18843.8,0.0206369,0.0207803,676,0.0206369,676,0.0206369,677,678,
8.375,-0.801906,-0.801906,-26276,18890.6,0.0207905,0.0207958,681,0.0207907,681,0.0207906,679,679,
8.39583,-0.812327,-0.812327,-26618,18937.5,0.0205944,0.0206199,675,0.0205944,674,0.0205944,676,676,
8.41667,-0.822191,-0.822191,-26941,18984.4,0.0207447,0.0207479,680,0.0207445,679,0.0207447,677,677,
8.4375,-0.831492,-0.831492,-27246,19031.2,0.0205529,0.0206012,675,0.0205527,673,0.0205527,671,672,
8.45833,-0.840222,-0.840222,-27532,19078.1,0.0206999,0.0207834,678,0.0206998,678,0.0206999,680,679,
8.47917,-0.848377,-0.848377,-27799,19125,0.0205123,0.0205587,672,0.0205124,672,0.0205124,671,671,
8.5,-0.855951,-0.855951,-28047,19171.9,0.020656,0.020655,677,0.020656,676,0.020656,677,678,
8.52083,-0.862938,-0.862938,-28276,19218.8,0.0204727,0.0204568,671,0.0204727,670,0.0204727,669,669,
8.54167,-0.869333,-0.869333,-28486,19265.6,0.0206131,0.0206083,675,0.0206128,675,0.0206128,677,677,
8.5625,-0.875133,-0.875133,-28676,19312.5,0.0204339,0.0204305,670,0.0204338,669,0.0204337,671,671,
8.58333,-0.880333,-0.880333,-28846,19359.4,0.0205712,0.0205851,674,0.0205712,674,0.0205711,676,677,
8.60417,-0.884929,-0.884929,-28997,19406.2,0.0203961,0.0204146,668,0.0203961,668,0.020396,665,666,
8.625,-0.88892,-0.88892,-29128,19453.1,0.0205302,0.0205476,673,0.0205303,672,0.0205303,676,676,
8.64583,-0.8923,-0.8923,-29238,19500,0.0203592,0.0203412,667,0.0203591,667,0.0203591,670,670,
8.66667,-0.89507,-0.89507,-29329,19546.9,0.0204902,0.0205125,672,0.0204901,671,0.0204901,673,673,
8.6875,-0.897226,-0.897226,-29400,19593.8,0.0203232,0.0203305,666,0.0203233,665,0.0203232,664,664,
8.70833,-0.898767,-0.898767,-29450,19640.6,0.020451,0.0204518,670,0.0204511,670,0.0204511,669,669,
8.72917,-0.899692,-0.899692,-29481,19687.5,0.0202881,0.0202541,665,0.0202881,664,0.020288,667,666,
8.75,-0.9,-0.9,-29491,19734.4,0.0204128,0.0204151,669,0.020413,668,0.0204129,671,671,
8.77083,-0.899692,-0.899692,-29481,19781.2,0.0202538,0.0202399,664,0.020254,663,0.0202541,664,664,
8.79167,-0.898767,-0.898767,-29450,19828.1,0.0203755,0.0198892,667,0.0203756,667,0.0203757,670,669,
8.8125,-0.897226,-0.897226,-29400,19875,0.0202205,0.0202383,663,0.0202206,662,0.0202206,660,659,
8.83333,-0.89507,-0.89507,-29329,19921.9,0.0203391,0.0203342,666,0.0203389,666,0.0203389,671,671,
8.85417,-0.8923,-0.8923,-29238,19968.8,0.020188,0.0201882,662,0.020188,661,0.020188,664,664,
8.875,-0.88892,-0.888919,-29128,20015.6,0.0203036,0.0203062,665,0.0203034,665,0.0203034,663,663,
8.89583,-0.884929,-0.884929,-28997,20062.5,0.0201564,0.0201079,660,0.0201562,660,0.0201562,663,662,
8.91667,-0.880333,-0.880333,-28846,20109.4,0.0202689,0.0202759,664,0.0202688,664,0.020269,664,664,
8.9375,-0.875133,-0.875133,-28676,20156.2,0.0201256,0.0201442,659,0.0201256,659,0.0201256,660,660,
8.95833,-0.869333,-0.869333,-28486,20203.1,0.0202352,0.0202841,663,0.0202353,663,0.0202353,661,661,
8.97917,-0.862938,-0.862938,-28276,20250,0.0200956,0.0200958,659,0.0200954,658,0.0200954,658,657,
9,-0.855951,-0.855951,-28047,20296.9,0.0202023,0.0202122,662,0.0202023,661,0.0202023,660,660,
9.02083,-0.848377,-0.848377,-27799,20343.8,0.0200666,0.0200505,658,0.0200664,657,0.0200665,656,656,
9.04167,-0.840222,-0.840222,-27532,20390.6,0.0201703,0.0201552,661,0.0201704,660,0.0201704,658,657,
9.0625,-0.831492,-0.831492,-27246,20437.5,0.0200383,0.0199917,657,0.0200388,656,0.0200387,653,652,
9.08333,-0.822191,-0.822191,-26941,20484.4,0.0201391,0.0201072,660,0.0201391,659,0.0201391,661,662,
9.10417,-0.812327,-0.812327,-26618,20531.2,0.0200109,0.0201027,656,0.020011,655,0.020011,655,655,
9.125,-0.801906,-0.801906,-26276,20578.1,0.0201088,0.0201529,659,0.020109,658,0.020109,659,658,
9.14583,-0.790935,-0.790935,-25917,20625,0.0199843,0.0199994,654,0.0199844,654,0.0199844,650,650,
9.16667,-0.779423,-0.779423,-25540,20671.9,0.0200794,0.0201134,658,0.0200794,657,0.0200793,657,658,
9.1875,-0.767376,-0.767376,-25145,20718.8,0.0199585,0.0199463,654,0.0199584,653,0.0199584,655,655,
9.20833,-0.754804,-0.754803,-24733,20765.6,0.0200507,0.0200778,657,0.0200507,657,0.0200506,656,656,
9.22917,-0.741714,-0.741713,-24304,20812.5,0.0199336,0.0199405,653,0.019934,653,0.0199329,653,653,
9.25,-0.728115,-0.728115,-23858,20859.4,0.020023,0.0200296,656,0.0200231,656,0.0200232,655,656,
9.27083,-0.714018,-0.714018,-23396,20906.2,0.0199094,0.0199048,652,0.0199092,652,0.0199092,650,651,
9.29167,-0.699431,-0.699431,-22918,20953.1,0.019996,0.0199949,655,0.0199959,655,0.0199959,655,655,
9.3125,-0.684365,-0.684365,-22425,21000,0.0198861,0.0198583,651,0.0198861,651,0.0198861,647,646,
9.33333,-0.66883,-0.66883,-21916,21046.9,0.0199699,0.0199738,655,0.01997,654,0.01997,653,654,
9.35417,-0.652837,-0.652837,-21392,21093.8,0.0198636,0.0198583,651,0.0198637,650,0.0198637,652,653,
9.375,-0.636396,-0.636396,-20853,21140.6,0.0199446,0.0199589,654,0.0199445,653,0.0199445,655,654,
9.39583,-0.619519,-0.619519,-20300,21187.5,0.0198418,0.0198996,650,0.0198417,650,0.0198418,649,648,
9.41667,-0.602218,-0.602217,-19733,21234.4,0.0199201,0.0198356,653,0.0199197,652,0.0199205,654,655,
9.4375,-0.584503,-0.584503,-19153,21281.2,0.0198209,0.0198057,650,0.0198207,649,0.0198207,650,650,
9.45833,-0.566388,-0.566388,-18559,21328.1,0.0198964,0.0198699,652,0.0198963,651,0.0198963,655,655,
9.47917,-0.547885,-0.547885,-17953,21375,0.0198007,0.019803,649,0.0198007,648,0.0198007,649,648,
9.5,-0.529007,-0.529007,-17334,21421.9,0.0198735,0.0199032,652,0.0198735,651,0.0198736,652,652,
9.52083,-0.509766,-0.509765,-16703,21468.8,0.0197814,0.0197027,648,0.0197814,648,0.0197814,650,650,
9.54167,-0.490175,-0.490175,-16062,21515.6,0.0198514,0.0199171,651,0.0198514,650,0.0198514,649,649,
9.5625,-0.470249,-0.470249,-15409,21562.5,0.0197628,0.0197543,648,0.0197626,647,0.0197626,651,650,
9.58333,-0.45,-0.45,-14745,21609.4,0.0198301,0.0198502,650,0.0198303,649,0.0198302,649,649,
9.60417,-0.429443,-0.429442,-14071,21656.2,0.019745,0.0197673,647,0.019745,647,0.019745,644,644,
9.625,-0.408591,-0.408591,-13388,21703.1,0.0198096,0.0198364,649,0.0198095,649,0.0198095,651,651,
9.64583,-0.38746,-0.38746,-12696,21750,0.0197279,0.0197548,647,0.0197278,646,0.0197278,647,647,
9.66667,-0.366063,-0.366063,-11995,21796.9,0.0197899,0.0197806,649,0.0197899,648,0.0197899,649,650,
9.6875,-0.344415,-0.344415,-11285,21843.8,0.0197116,0.0197212,646,0.0197116,645,0.0197116,643,644,
9.70833,-0.322531,-0.322531,-10568,21890.6,0.0197709,0.0197533,648,0.0197711,647,0.0197711,647,646,
9.72917,-0.300426,-0.300426,-9844,21937.5,0.0196961,0.0197107,645,0.0196963,645,0.0196962,646,646,
9.75,-0.278115,-0.278115,-9113,21984.4,0.0197528,0.0197187,647,0.0197529,647,0.019753,652,652,
9.77083,-0.255614,-0.255613,-8375,22031.2,0.0196814,0.0196595,645,0.0196814,644,0.0196814,647,646,
9.79167,-0.232937,-0.232937,-7632,22078.1,0.0197354,0.0197598,647,0.0197354,646,0.0197354,647,647,
9.8125,-0.210101,-0.210101,-6884,22125,0.0196674,0.0196654,644,0.0196676,644,0.0196676,645,645,
9.83333,-0.187121,-0.18712,-6131,22171.9,0.0197188,0.0197108,646,0.0197187,646,0.0197188,645,646,
9.85417,-0.164012,-0.164012,-5374,22218.8,0.0196542,0.0196498,644,0.0196543,644,0.0196542,644,645,
9.875,-0.140791,-0.140791,-4613,22265.6,0.0197029,0.019477,646,0.0197029,645,0.0197028,646,645,
9.89583,-0.117474,-0.117473,-3849,22312.5,0.0196418,0.0196292,644,0.0196413,643,0.0196417,642,642,
9.91667,-0.0940756,-0.0940756,-3082,22359.4,0.0196879,0.0197035,645,0.0196877,645,0.0196879,646,645,
9.9375,-0.0706132,-0.0706129,-2313,22406.2,0.0196301,0.0195469,643,0.01963,643,0.01963,648,649,
9.95833,-0.0471024,-0.0471018,-1543,22453.1,0.0196736,0.0196835,645,0.0196736,644,0.0196737,646,645,
9.97917,-0.0235593,-0.0235592,-771,22500,0.0196191,0.0196283,643,0.0196192,642,0.0196192,649,648,
10,1.15785e-15,3.14722e-07,0,22546.9,0.01966,0.0196602,644,0.0196599,644,0.0196599,644,644,
10.0208,0.0235593,0.0235599,771,22593.8,0.0196089,0.019589,642,0.019609,642,0.019609,645,646,
10.0417,0.0471024,0.0471024,1543,22640.6,0.0196472,0.0196865,644,0.0196472,643,0.0196473,644,643,
10.0625,0.0706132,0.0706135,2313,22687.5,0.0195995,0.0196091,642,0.0195994,642,0.0195993,641,640,
10.0833,0.0940756,0.0940763,3082,22734.4,0.0196352,0.0196297,643,0.0196359,643,0.0196355,643,643,
10.1042,0.117474,0.117474,3849,22781.2,0.0195908,0.019606,642,0.0195908,641,0.0195908,643,644,
10.125,0.140791,0.140791,4613,22828.1,0.0196239,0.0196428,643,0.0196238,643,0.0196239,648,647,
10.1458,0.164012,0.164013,5374,22875,0.0195828,0.0195877,642,0.019583,641,0.019583,639,637,
10.1667,0.187121,0.187121,6131,22921.9,0.0196134,0.0195594,643,0.0196132,642,0.0196133,640,641,
10.1875,0.210101,0.210101,6884,22968.8,0.0195756,0.0195943,642,0.0195756,641,0.0195756,640,640,
10.2083,0.232937,0.232938,7632,23015.6,0.0196036,0.0196088,641,0.0196031,642,0.0196031,642,642,
10.2292,0.255614,0.255614,8375,23062.5,0.0195691,0.0194294,641,0.0195686,641,0.0195686,640,639,
10.25,0.278115,0.278116,9113,23109.4,0.0195945,0.0195913,642,0.0195947,642,0.0195947,646,647,
10.2708,0.300426,0.300427,9844,23156.2,0.0195634,0.0195595,641,0.0195635,641,0.0195635,639,639,
10.2917,0.322531,0.322531,10568,23203.1,0.0195862,0.0195886,642,0.0195863,641,0.0195863,644,642,
10.3125,0.344415,0.344416,11285,23250,0.0195584,0.0195583,641,0.0195582,640,0.0195582,643,642,
10.3333,0.366063,0.366064,11995,23296.9,0.0195787,0.0195843,642,0.0195789,641,0.0195789,647,646,
10.3542,0.38746,0.38746,12696,23343.8,0.0195541,0.0195248,641,0.019554,640,0.0195539,641,641,
10.375,0.408591,0.408592,13388,23390.6,0.0195719,0.0195713,641,0.0195722,641,0.0195722,638,637,
10.3958,0.429443,0.429443,14071,23437.5,0.0195506,0.0196119,641,0.0195506,640,0.0195506,640,637,
10.4167,0.45,0.45,14745,23484.4,0.0195658,0.0195666,641,0.0195664,641,0.0195663,642,642,
10.4375,0.470249,0.470249,15409,23531.2,0.0195478,0.0195477,641,0.0195485,640,0.0195484,641,639,
10.4583,0.490175,0.490175,16062,23578.1,0.0195605,0.0195622,641,0.0195606,640,0.0195606,642,642,
10.4792,0.509766,0.509766,16703,23625,0.0195458,0.0195432,641,0.019546,640,0.0195461,642,640,
10.5,0.529007,0.529007,17334,23671.9,0.0195559,0.0195405,641,0.0195556,640,0.0195557,644,643,
10.5208,0.547885,0.547885,17953,23718.8,0.0195445,0.0195324,640,0.0195444,640,0.0195445,642,641,
10.5417,0.566388,0.566389,18559,23765.6,0.0195521,0.0195617,641,0.0195519,640,0.019552,642,640,
10.5625,0.584503,0.584504,19153,23812.5,0.0195439,0.019548,640,0.019543,640,0.0195426,723,638,
10.5833,0.602218,0.602218,19733,23859.4,0.019549,0.0195498,640,0.019549,640,0.0195492,640,640,
10.6042,0.619519,0.619519,20300,23906.2,0.0195441,0.0195403,640,0.0195439,640,0.0195439,634,642,
10.625,0.636396,0.636397,20853,23953.1,0.0195466,0.0195535,640,0.0195467,640,0.0195469,642,638,
10.6458,0.652837,0.652837,21392,24000,0.019545,0.0195409,640,0.0195453,640,0.0195453,637,638,
10.6667,0.66883,0.668831,21916,
10.6875,0.684365,0.684366,22425,
10.7083,0.699431,0.699431,22918,
10.7292,0.714018,0.714018,23396,
10.75,0.728115,0.728116,23858,
10.7708,0.741714,0.741714,24304,
10.7917,0.754804,0.754804,24733,
10.8125,0.767376,0.767376,25145,
10.8333,0.779423,0.779423,25540,
10.8542,0.790935,0.790936,25917,
10.875,0.801906,0.801906,26276,
10.8958,0.812327,0.812327,26618,
10.9167,0.822191,0.822191,26941,
10.9375,0.831492,0.831492,27246,
10.9583,0.840222,0.840222,27532,
10.9792,0.848377,0.848378,27799,
11,0.855951,0.855951,28047,
11.0208,0.862938,0.862938,28276,
11.0417,0.869333,0.869333,28486,
11.0625,0.875133,0.875133,28676,
11.0833,0.880333,0.880333,28846,
11.1042,0.884929,0.88493,28997,
11.125,0.88892,0.88892,29128,
11.1458,0.8923,0.8923,29238,
11.1667,0.89507,0.89507,29329,
11.1875,0.897226,0.897226,29400,
11.2083,0.898767,0.898767,29450,
11.2292,0.899692,0.899692,29481,
11.25,0.9,0.9,29491,
11.2708,0.899692,0.899692,29481,
11.2917,0.898767,0.898767,29450,
11.3125,0.897226,0.897226,29400,
11.3333,0.89507,0.89507,29329,
11.3542,0.8923,0.8923,29238,
11.375,0.88892,0.888919,29128,
11.3958,0.884929,0.884929,28997,
11.4167,0.880333,0.880333,28846,
11.4375,0.875133,0.875133,28676,
11.4583,0.869333,0.869333,28486,
11.4792,0.862938,0.862938,28276,
11.5,0.855951,0.855951,28047,
11.5208,0.848377,0.848377,27799,
11.5417,0.840222,0.840222,27532,
11.5625,0.831492,0.831492,27246,
11.5833,0.822191,0.822191,26941,
11.6042,0.812327,0.812326,26618,
11.625,0.801906,0.801906,26276,
11.6458,0.790935,0.790935,25917,
11.6667,0.779423,0.779422,25540,
11.6875,0.767376,0.767376,25145,
11.7083,0.754804,0.754803,24733,
11.7292,0.741714,0.741714,24304,
11.75,0.728115,0.728115,23858,
11.7708,0.714018,0.714018,23396,
11.7917,0.699431,0.699431,22918,
11.8125,0.684365,0.684365,22425,
11.8333,0.66883,0.66883,21916,
11.8542,0.652837,0.652837,21392,
11.875,0.636396,0.636396,20853,
11.8958,0.619519,0.619519,20300,
11.9167,0.602218,0.602217,19733,
11.9375,0.584503,0.584503,19153,
11.9583,0.566388,0.566388,18559,
11.9792,0.547885,0.547885,17953,
12,0.529007,0.529006,17334,
12.0208,0.509766,0.509765,16703,
12.0417,0.490175,0.490175,16062,
12.0625,0.470249,0.470248,15409,
12.0833,0.45,0.449999,14745,
12.1042,0.429443,0.429443,14071,
12.125,0.408591,0.408591,13388,
12.1458,0.38746,0.387459,12696,
12.1667,0.366063,0.366063,11995,
12.1875,0.344415,0.344415,11285,
12.2083,0.322531,0.32253,10568,
12.2292,0.300426,0.300426,9844,
12.25,0.278115,0.278115,9113,
12.2708,0.255614,0.255613,8375,
12.2917,0.232937,0.232937,7632,
12.3125,0.210101,0.2101,6884,
12.3333,0.187121,0.187121,6131,
12.3542,0.164012,0.164012,5374,
12.375,0.140791,0.14079,4613,
12.3958,0.117474,0.117474,3849,
12.4167,0.0940756,0.0940753,3082,
12.4375,0.0706132,0.0706126,2313,
12.4583,0.0471024,0.0471023,1543,
12.4792,0.0235593,0.0235589,771,
12.5,-1.04763e-15,-6.07979e-07,0,
12.5208,-0.0235593,-0.0235593,-771,
12.5417,-0.0471024,-0.0471027,-1543,
12.5625,-0.0706132,-0.0706138,-2313,
12.5833,-0.0940756,-0.0940757,-3082,
12.6042,-0.117474,-0.117474,-3849,
12.625,-0.140791,-0.140792,-4613,
12.6458,-0.164012,-0.164012,-5374,
12.6667,-0.187121,-0.187121,-6131,
12.6875,-0.210101,-0.210102,-6884,
12.7083,-0.232937,-0.232937,-7632,
12.7292,-0.255614,-0.255614,-8375,
12.75,-0.278115,-0.278116,-9113,
12.7708,-0.300426,-0.300427,-9844,
12.7917,-0.322531,-0.322531,-10568,
12.8125,-0.344415,-0.344415,-11285,
12.8333,-0.366063,-0.366063,-11995,
12.8542,-0.38746,-0.38746,-12696,
12.875,-0.408591,-0.408592,-13388,
12.8958,-0.429443,-0.429444,-14071,
12.9167,-0.45,-0.45,-14745,
12.9375,-0.470249,-0.470249,-15409,
12.9583,-0.490175,-0.490175,-16062,
12.9792,-0.509766,-0.509766,-16703,
13,-0.529007,-0.529007,-17334,
13.0208,-0.547885,-0.547886,-17953,
13.0417,-0.566388,-0.566388,-18559,
13.0625,-0.584503,-0.584503,-19153,
13.0833,-0.602218,-0.602218,-19733,
13.1042,-0.619519,-0.61952,-20300,
13.125,-0.636396,-0.636397,-20853,
13.1458,-0.652837,-0.652838,-21392,
13.1667,-0.66883,-0.66883,-21916,
13.1875,-0.684365,-0.684365,-22425,
13.2083,-0.699431,-0.699432,-22918,
13.2292,-0.714018,-0.714018,-23396,
13.25,-0.728115,-0.728116,-23858,
13.2708,-0.741714,-0.741714,-24304,
13.2917,-0.754804,-0.754803,-24733,
13.3125,-0.767376,-0.767376,-25145,
13.3333,-0.779423,-0.779423,-25540,
13.3542,-0.790935,-0.790936,-25917,
13.375,-0.801906,-0.801906,-26276,
13.3958,-0.812327,-0.812327,-26618,
13.4167,-0.822191,-0.822191,-26941,
13.4375,-0.831492,-0.831492,-27246,
13.4583,-0.840222,-0.840223,-27532,
13.4792,-0.848377,-0.848378,-27799,
13.5,-0.855951,-0.855951,-28047,
13.5208,-0.862938,-0.862938,-28276,
13.5417,-0.869333,-0.869333,-28486,
13.5625,-0.875133,-0.875133,-28676,
13.5833,-0.880333,-0.880333,-28846,
13.6042,-0.884929,-0.88493,-28997,
13.625,-0.88892,-0.88892,-29128,
13.6458,-0.8923,-0.8923,-29238,
13.6667,-0.89507,-0.89507,-29329,
13.6875,-0.897226,-0.897226,-29400,
13.7083,-0.898767,-0.898767,-29450,
13.7292,-0.899692,-0.899692,-29481,
13.75,-0.9,-0.9,-29491,
13.7708,-0.899692,-0.899692,-29481,
13.7917,-0.898767,-0.898767,-29450,
13.8125,-0.897226,-0.897226,-29400,
13.8333,-0.89507,-0.89507,-29329,
13.8542,-0.8923,-0.8923,-29238,
13.875,-0.88892,-0.888919,-29128,
13.8958,-0.884929,-0.884929,-28997,
13.9167,-0.880333,-0.880333,-28846,
13.9375,-0.875133,-0.875133,-28676,
13.9583,-0.869333,-0.869333,-28486,
13.9792,-0.862938,-0.862937,-28276,
14,-0.855951,-0.855951,-28047,
14.0208,-0.848377,-0.848377,-27799,
14.0417,-0.840222,-0.840222,-27532,
14.0625,-0.831492,-0.831491,-27246,
14.0833,-0.822191,-0.822191,-26941,
14.1042,-0.812327,-0.812326,-26618,
14.125,-0.801906,-0.801906,-26276,
14.1458,-0.790935,-0.790935,-25917,
14.1667,-0.779423,-0.779423,-25540,
14.1875,-0.767376,-0.767376,-25145,
14.2083,-0.754804,-0.754803,-24733,
14.2292,-0.741714,-0.741713,-24304,
14.25,-0.728115,-0.728115,-23858,
14.2708,-0.714018,-0.714018,-23396,
14.2917,-0.699431,-0.699431,-22918,
14.3125,-0.684365,-0.684365,-22425,
14.3333,-0.66883,-0.66883,-21916,
14.3542,-0.652837,-0.652836,-21392,
14.375,-0.636396,-0.636396,-20853,
14.3958,-0.619519,-0.619519,-20300,
14.4167,-0.602218,-0.602217,-19733,
14.4375,-0.584503,-0.584503,-19153,
14.4583,-0.566388,-0.566388,-18559,
14.4792,-0.547885,-0.547884,-17953,
14.5,-0.529007,-0.529007,-17334,
14.5208,-0.509766,-0.509766,-16703,
14.5417,-0.490175,-0.490175,-16062,
14.5625,-0.470249,-0.470248,-15409,
14.5833,-0.45,-0.449999,-14745,
14.6042,-0.429443,-0.429442,-14071,
14.625,-0.408591,-0.408592,-13388,
14.6458,-0.38746,-0.38746,-12696,
14.6667,-0.366063,-0.366063,-11995,
14.6875,-0.344415,-0.344414,-11285,
14.7083,-0.322531,-0.32253,-10568,
14.7292,-0.300426,-0.300427,-9844,
14.75,-0.278115,-0.278115,-9113,
14.7708,-0.255614,-0.255614,-8375,
14.7917,-0.232937,-0.232937,-7632,
14.8125,-0.210101,-0.2101,-6884,
14.8333,-0.187121,-0.187119,-6131,
14.8542,-0.164012,-0.164012,-5374,
14.875,-0.140791,-0.140791,-4613,
14.8958,-0.117474,-0.117473,-3849,
14.9167,-0.0940756,-0.094075,-3082,
14.9375,-0.0706132,-0.0706123,-2313,
14.9583,-0.0471024,-0.0471012,-1543,
14.9792,-0.0235593,-0.0235595,-771,
15,-6.61309e-16,4.29296e-08,0,
15.0208,0.0235593,0.0235596,771,
15.0417,0.0471024,0.047103,1543,
15.0625,0.0706132,0.0706141,2313,
15.0833,0.0940756,0.0940768,3082,
15.1042,0.117474,0.117473,3849,
15.125,0.140791,0.140791,4613,
15.1458,0.164012,0.164012,5374,
15.1667,0.187121,0.187121,6131,
15.1875,0.210101,0.210102,6884,
15.2083,0.232937,0.232938,7632,
15.2292,0.255614,0.255614,8375,
15.25,0.278115,0.278115,9113,
15.2708,0.300426,0.300427,9844,
15.2917,0.322531,0.322532,10568,
15.3125,0.344415,0.344416,11285,
15.3333,0.366063,0.366064,11995,
15.3542,0.38746,0.38746,12696,
15.375,0.408591,0.408592,13388,
15.3958,0.429443,0.429443,14071,
15.4167,0.45,0.450001,14745,
15.4375,0.470249,0.47025,15409,
15.4583,0.490175,0.490175,16062,
15.4792,0.509766,0.509766,16703,
15.5,0.529007,0.529007,17334,
15.5208,0.547885,0.547886,17953,
15.5417,0.566388,0.566389,18559,
15.5625,0.584503,0.584504,19153,
15.5833,0.602218,0.602217,19733,
15.6042,0.619519,0.619519,20300,
15.625,0.636396,0.636396,20853,
15.6458,0.652837,0.652837,21392,
15.6667,0.66883,0.668831,21916,
15.6875,0.684365,0.684366,22425,
15.7083,0.699431,0.699431,22918,
15.7292,0.714018,0.714018,23396,
15.75,0.728115,0.728115,23858,
15.7708,0.741714,0.741714,24304,
15.7917,0.754804,0.754804,24733,
15.8125,0.767376,0.767377,25145,
15.8333,0.779423,0.779423,25540,
15.8542,0.790935,0.790935,25917,
15.875,0.801906,0.801906,26276,
15.8958,0.812327,0.812327,26618,
15.9167,0.822191,0.822191,26941,
15.9375,0.831492,0.831492,27246,
15.9583,0.840222,0.840222,27532,
15.9792,0.848377,0.848377,27799,
16,0.855951,0.855951,28047,
16.0208,0.862938,0.862938,28276,
16.0417,0.869333,0.869334,28486,
16.0625,0.875133,0.875133,28676,
16.0833,0.880333,0.880333,28846,
16.1042,0.884929,0.884929,28997,
16.125,0.88892,0.88892,29128,
16.1458,0.8923,0.8923,29238,
16.1667,0.89507,0.89507,29329,
16.1875,0.897226,0.897226,29400,
16.2083,0.898767,0.898767,29450,
16.2292,0.899692,0.899692,29481,
16.25,0.9,0.9,29491,
16.2708,0.899692,0.899692,29481,
16.2917,0.898767,0.898767,29450,
16.3125,0.897226,0.897226,29400,
16.3333,0.89507,0.89507,29329,
16.3542,0.8923,0.8923,29238,
16.375,0.88892,0.888919,29128,
16.3958,0.884929,0.884929,28997,
16.4167,0.880333,0.880333,28846,
16.4375,0.875133,0.875133,28676,
16.4583,0.869333,0.869333,28486,
16.4792,0.862938,0.862938,28276,
16.5,0.855951,0.855951,28047,
16.5208,0.848377,0.848377,27799,
16.5417,0.840222,0.840222,27532,
16.5625,0.831492,0.831492,27246,
16.5833,0.822191,0.822191,26941,
16.6042,0.812327,0.812327,26618,
16.625,0.801906,0.801906,26276,
16.6458,0.790935,0.790935,25917,
16.6667,0.779423,0.779423,25540,
16.6875,0.767376,0.767376,25145,
16.7083,0.754804,0.754803,24733,
16.7292,0.741714,0.741713,24304,
16.75,0.728115,0.728115,23858,
16.7708,0.714018,0.714017,23396,
16.7917,0.699431,0.699432,22918,
16.8125,0.684365,0.684365,22425,
16.8333,0.66883,0.66883,21916,
16.8542,0.652837,0.652837,21392,
16.875,0.636396,0.636395,20853,
16.8958,0.619519,0.619518,20300,
16.9167,0.602218,0.602218,19733,
16.9375,0.584503,0.584503,19153,
16.9583,0.566388,0.566388,18559,
16.9792,0.547885,0.547885,17953,
17,0.529007,0.529006,17334,
17.0208,0.509766,0.509765,16703,
17.0417,0.490175,0.490175,16062,
17.0625,0.470249,0.470249,15409,
17.0833,0.45,0.45,14745,
17.1042,0.429443,0.429442,14071,
17.125,0.408591,0.408591,13388,
17.1458,0.38746,0.387459,12696,
17.1667,0.366063,0.366063,11995,
17.1875,0.344415,0.344415,11285,
17.2083,0.322531,0.322531,10568,
17.2292,0.300426,0.300425,9844,
17.25,0.278115,0.278114,9113,
17.2708,0.255614,0.255612,8375,
17.2917,0.232937,0.232937,7632,
17.3125,0.210101,0.210101,6884,
17.3333,0.187121,0.18712,6131,
17.3542,0.164012,0.164011,5374,
17.375,0.140791,0.14079,4613,
17.3958,0.117474,0.117474,3849,
17.4167,0.0940756,0.0940756,3082,
17.4375,0.0706132,0.0706129,2313,
17.4583,0.0471024,0.0471018,1543,
17.4792,0.0235593,0.0235584,771,
17.5,-2.42591e-15,-1.19449e-06,0,
17.5208,-0.0235593,-0.023559,-771,
17.5417,-0.0471024,-0.0471024,-1543,
17.5625,-0.0706132,-0.0706135,-2313,
17.5833,-0.0940756,-0.0940763,-3082,
17.6042,-0.117474,-0.117475,-3849,
17.625,-0.140791,-0.140792,-4613,
17.6458,-0.164012,-0.164012,-5374,
17.6667,-0.187121,-0.187121,-6131,
17.6875,-0.210101,-0.210101,-6884,
17.7083,-0.232937,-0.232938,-7632,
17.7292,-0.255614,-0.255615,-8375,
17.75,-0.278115,-0.278117,-9113,
17.7708,-0.300426,-0.300426,-9844,
17.7917,-0.322531,-0.322531,-10568,
17.8125,-0.344415,-0.344416,-11285,
17.8333,-0.366063,-0.366064,-11995,
17.8542,-0.38746,-0.387461,-12696,
17.875,-0.408591,-0.408593,-13388,
17.8958,-0.429443,-0.429443,-14071,
17.9167,-0.45,-0.45,-14745,
17.9375,-0.470249,-0.470249,-15409,
17.9583,-0.490175,-0.490176,-16062,
17.9792,-0.509766,-0.509767,-16703,
18,-0.529007,-0.529008,-17334,
18.0208,-0.547885,-0.547885,-17953,
18.0417,-0.566388,-0.566389,-18559,
18.0625,-0.584503,-0.584504,-19153,
18.0833,-0.602218,-0.602218,-19733,
18.1042,-0.619519,-0.61952,-20300,
18.125,-0.636396,-0.636396,-20853,
18.1458,-0.652837,-0.652837,-21392,
18.1667,-0.66883,-0.668831,-21916,
18.1875,-0.684365,-0.684366,-22425,
18.2083,-0.699431,-0.699432,-22918,
18.2292,-0.714018,-0.714019,-23396,
18.25,-0.728115,-0.728115,-23858,
18.2708,-0.741714,-0.741714,-24304,
18.2917,-0.754804,-0.754804,-24733,
18.3125,-0.767376,-0.767377,-25145,
18.3333,-0.779423,-0.779423,-25540,
18.3542,-0.790935,-0.790936,-25917,
18.375,-0.801906,-0.801906,-26276,
18.3958,-0.812327,-0.812327,-26618,
18.4167,-0.822191,-0.822191,-26941,
18.4375,-0.831492,-0.831492,-27246,
18.4583,-0.840222,-0.840223,-27532,
18.4792,-0.848377,-0.848378,-27799,
18.5,-0.855951,-0.855951,-28047,
18.5208,-0.862938,-0.862938,-28276,
18.5417,-0.869333,-0.869333,-28486,
18.5625,-0.875133,-0.875133,-28676,
18.5833,-0.880333,-0.880333,-28846,
18.6042,-0.884929,-0.88493,-28997,
18.625,-0.88892,-0.88892,-29128,
18.6458,-0.8923,-0.8923,-29238,
18.6667,-0.89507,-0.89507,-29329,
18.6875,-0.897226,-0.897226,-29400,
18.7083,-0.898767,-0.898767,-29450,
18.7292,-0.899692,-0.899692,-29481,
18.75,-0.9,-0.9,-29491,
18.7708,-0.899692,-0.899692,-29481,
18.7917,-0.898767,-0.898767,-29450,
18.8125,-0.897226,-0.897225,-29400,
18.8333,-0.89507,-0.89507,-29329,
18.8542,-0.8923,-0.8923,-29238,
18.875,-0.88892,-0.888919,-29128,
18.8958,-0.884929,-0.884929,-28997,
18.9167,-0.880333,-0.880333,-28846,
18.9375,-0.875133,-0.875133,-28676,
18.9583,-0.869333,-0.869333,-28486,
18.9792,-0.862938,-0.862938,-28276,
19,-0.855951,-0.855951,-28047,
19.0208,-0.848377,-0.848377,-27799,
19.0417,-0.840222,-0.840222,-27532,
19.0625,-0.831492,-0.831491,-27246,
19.0833,-0.822191,-0.82219,-26941,
19.1042,-0.812327,-0.812327,-26618,
19.125,-0.801906,-0.801906,-26276,
19.1458,-0.790935,-0.790935,-25917,
19.1667,-0.779423,-0.779422,-25540,
19.1875,-0.767376,-0.767376,-25145,
19.2083,-0.754804,-0.754803,-24733,
19.2292,-0.741714,-0.741714,-24304,
19.25,-0.728115,-0.728115,-23858,
19.2708,-0.714018,-0.714018,-23396,
19.2917,-0.699431,-0.699431,-22918,
19.3125,-0.684365,-0.684365,-22425,
19.3333,-0.66883,-0.668831,-21916,
19.3542,-0.652837,-0.652837,-21392,
19.375,-0.636396,-0.636396,-20853,
19.3958,-0.619519,-0.619519,-20300,
19.4167,-0.602218,-0.602217,-19733,
19.4375,-0.584503,-0.584502,-19153,
19.4583,-0.566388,-0.566388,-18559,
19.4792,-0.547885,-0.547885,-17953,
19.5,-0.529007,-0.529006,-17334,
19.5208,-0.509766,-0.509765,-16703,
19.5417,-0.490175,-0.490174,-16062,
19.5625,-0.470249,-0.470248,-15409,
19.5833,-0.45,-0.45,-14745,
19.6042,-0.429443,-0.429443,-14071,
19.625,-0.408591,-0.408591,-13388,
19.6458,-0.38746,-0.387459,-12696,
19.6667,-0.366063,-0.366062,-11995,
19.6875,-0.344415,-0.344414,-11285,
19.7083,-0.322531,-0.322531,-10568,
19.7292,-0.300426,-0.300426,-9844,
19.75,-0.278115,-0.278115,-9113,
19.7708,-0.255614,-0.255613,-8375,
19.7917,-0.232937,-0.232936,-7632,
19.8125,-0.210101,-0.210099,-6884,
19.8333,-0.187121,-0.187121,-6131,
19.8542,-0.164012,-0.164012,-5374,
19.875,-0.140791,-0.14079,-4613,
19.8958,-0.117474,-0.117473,-3849,
19.9167,-0.0940756,-0.0940745,-3082,
19.9375,-0.0706132,-0.0706117,-2313,
19.9583,-0.0471024,-0.0471023,-1543,
19.9792,-0.0235593,-0.0235589,-771,
20,2.3157e-15,6.29444e-07,0,
20.0208,0.0235593,0.0235602,771,
20.0417,0.0471024,0.0471036,1543,
20.0625,0.0706132,0.070613,2313,
20.0833,0.0940756,0.0940757,3082,
20.1042,0.117474,0.117474,3849,
20.125,0.140791,0.140792,4613,
20.1458,0.164012,0.164013,5374,
20.1667,0.187121,0.187122,6131,
20.1875,0.210101,0.210101,6884,
20.2083,0.232937,0.232937,7632,
20.2292,0.255614,0.255614,8375,
20.25,0.278115,0.278116,9113,
20.2708,0.300426,0.300427,9844,
20.2917,0.322531,0.322532,10568,
20.3125,0.344415,0.344415,11285,
20.3333,0.366063,0.366063,11995,
20.3542,0.38746,0.38746,12696,
20.375,0.408591,0.408592,13388,
20.3958,0.429443,0.429444,14071,
20.4167,0.45,0.450001,14745,
20.4375,0.470249,0.470249,15409,
20.4583,0.490175,0.490175,16062,
20.4792,0.509766,0.509766,16703,
20.5,0.529007,0.529007,17334,
20.5208,0.547885,0.547886,17953,
20.5417,0.566388,0.56639,18559,
20.5625,0.584503,0.584503,19153,
20.5833,0.602218,0.602218,19733,
20.6042,0.619519,0.61952,20300,
20.625,0.636396,0.636397,20853,
20.6458,0.652837,0.652838,21392,
20.6667,0.66883,0.668831,21916,
20.6875,0.684365,0.684365,22425,
20.7083,0.699431,0.699432,22918,
20.7292,0.714018,0.714018,23396,
20.75,0.728115,0.728116,23858,
20.7708,0.741714,0.741714,24304,
20.7917,0.754804,0.754803,24733,
20.8125,0.767376,0.767376,25145,
20.8333,0.779423,0.779423,25540,
20.8542,0.790935,0.790936,25917,
20.875,0.801906,0.801906,26276,
20.8958,0.812327,0.812327,26618,
20.9167,0.822191,0.822191,26941,
20.9375,0.831492,0.831492,27246,
20.9583,0.840222,0.840223,27532,
20.9792,0.848377,0.848378,27799,
21,0.855951,0.855951,28047,
21.0208,0.862938,0.862938,28276,
21.0417,0.869333,0.869333,28486,
21.0625,0.875133,0.875133,28676,
21.0833,0.880333,0.880333,28846,
21.1042,0.884929,0.88493,28997,
21.125,0.88892,0.88892,29128,
21.1458,0.8923,0.892301,29238,
21.1667,0.89507,0.89507,29329,
21.1875,0.897226,0.897226,29400,
21.2083,0.898767,0.898767,29450,
21.2292,0.899692,0.899692,29481,
21.25,0.9,0.9,29491,
21.2708,0.899692,0.899692,29481,
21.2917,0.898767,0.898767,29450,
21.3125,0.897226,0.897226,29400,
